-- phpMyAdmin SQL Dump
-- version 5.1.1
-- https://www.phpmyadmin.net/
--
-- Host: 127.0.0.1:3306
-- Generation Time: Oct 29, 2022 at 06:33 PM
-- Server version: 8.0.27
-- PHP Version: 7.4.26

SET SQL_MODE = "NO_AUTO_VALUE_ON_ZERO";
START TRANSACTION;
SET time_zone = "+00:00";


/*!40101 SET @OLD_CHARACTER_SET_CLIENT=@@CHARACTER_SET_CLIENT */;
/*!40101 SET @OLD_CHARACTER_SET_RESULTS=@@CHARACTER_SET_RESULTS */;
/*!40101 SET @OLD_COLLATION_CONNECTION=@@COLLATION_CONNECTION */;
/*!40101 SET NAMES utf8mb4 */;

--
-- Database: `shopping`
--

-- --------------------------------------------------------

--
-- Table structure for table `admin`
--

DROP TABLE IF EXISTS `admin`;
CREATE TABLE IF NOT EXISTS `admin` (
  `id` int NOT NULL AUTO_INCREMENT,
  `username` varchar(255) NOT NULL,
  `password` varchar(255) NOT NULL,
  `creationDate` timestamp NOT NULL DEFAULT CURRENT_TIMESTAMP,
  `updationDate` varchar(255) NOT NULL,
  PRIMARY KEY (`id`)
) ENGINE=InnoDB AUTO_INCREMENT=2 DEFAULT CHARSET=latin1;

--
-- Dumping data for table `admin`
--

INSERT INTO `admin` (`id`, `username`, `password`, `creationDate`, `updationDate`) VALUES
(1, 'admin', '0e0ce2c32f1b101a0647eb616399272e', '2017-01-24 16:21:18', '22-06-2020 10:14:35 PM');

-- --------------------------------------------------------

--
-- Table structure for table `category`
--

DROP TABLE IF EXISTS `category`;
CREATE TABLE IF NOT EXISTS `category` (
  `id` int NOT NULL AUTO_INCREMENT,
  `categoryName` varchar(255) DEFAULT NULL,
  `categoryDescription` longtext,
  `creationDate` timestamp NOT NULL DEFAULT CURRENT_TIMESTAMP,
  `updationDate` varchar(255) DEFAULT NULL,
  PRIMARY KEY (`id`)
) ENGINE=InnoDB AUTO_INCREMENT=7 DEFAULT CHARSET=latin1;

--
-- Dumping data for table `category`
--

INSERT INTO `category` (`id`, `categoryName`, `categoryDescription`, `creationDate`, `updationDate`) VALUES
(3, 'Modelos', 'Modelos', '2017-01-24 19:17:37', '30-01-2017 12:22:24 AM'),
(4, 'Marca', 'Marca', '2017-01-24 19:19:32', ''),
(5, 'Promoción ', 'Promoción ', '2017-01-24 19:19:54', ''),
(6, 'Moda', 'Moda', '2017-02-20 19:18:52', '');

-- --------------------------------------------------------

--
-- Table structure for table `orders`
--

DROP TABLE IF EXISTS `orders`;
CREATE TABLE IF NOT EXISTS `orders` (
  `id` int NOT NULL AUTO_INCREMENT,
  `userId` int DEFAULT NULL,
  `productId` varchar(255) DEFAULT NULL,
  `quantity` int DEFAULT NULL,
  `orderDate` timestamp NOT NULL DEFAULT CURRENT_TIMESTAMP,
  `paymentMethod` varchar(50) DEFAULT NULL,
  `orderStatus` varchar(55) DEFAULT NULL,
  PRIMARY KEY (`id`)
) ENGINE=InnoDB AUTO_INCREMENT=17 DEFAULT CHARSET=latin1;

--
-- Dumping data for table `orders`
--

INSERT INTO `orders` (`id`, `userId`, `productId`, `quantity`, `orderDate`, `paymentMethod`, `orderStatus`) VALUES
(1, 1, '3', 1, '2017-03-07 19:32:57', 'COD', NULL),
(3, 1, '4', 1, '2017-03-10 19:43:04', 'Debit / Credit card', 'Delivered'),
(4, 1, '17', 1, '2017-03-08 16:14:17', 'COD', 'in Process'),
(5, 1, '3', 1, '2017-03-08 19:21:38', 'COD', NULL),
(6, 1, '4', 1, '2017-03-08 19:21:38', 'COD', NULL),
(7, 1, '2', 1, '2020-06-22 13:58:56', 'Internet Banking', NULL),
(8, 1, '1', 1, '2020-06-22 14:06:25', 'COD', NULL),
(9, 1, '12', 1, '2020-06-22 14:06:25', 'COD', NULL),
(10, 4, '2', 3, '2020-06-23 00:58:37', 'Debit / Credit card', NULL),
(11, 4, '18', 1, '2020-06-23 01:54:11', 'Internet Banking', NULL),
(12, 4, '20', 1, '2020-06-23 03:02:41', 'Internet Banking', NULL),
(13, 4, '15', 1, '2020-06-23 03:04:45', 'COD', NULL),
(14, 4, '12', 1, '2020-06-23 03:07:50', NULL, NULL),
(15, 4, '15', 1, '2020-06-23 03:07:50', NULL, NULL),
(16, 4, '2', 1, '2020-06-23 03:23:40', NULL, NULL);

-- --------------------------------------------------------

--
-- Table structure for table `ordertrackhistory`
--

DROP TABLE IF EXISTS `ordertrackhistory`;
CREATE TABLE IF NOT EXISTS `ordertrackhistory` (
  `id` int NOT NULL AUTO_INCREMENT,
  `orderId` int DEFAULT NULL,
  `status` varchar(255) DEFAULT NULL,
  `remark` mediumtext,
  `postingDate` timestamp NOT NULL DEFAULT CURRENT_TIMESTAMP,
  PRIMARY KEY (`id`)
) ENGINE=InnoDB AUTO_INCREMENT=5 DEFAULT CHARSET=latin1;

--
-- Dumping data for table `ordertrackhistory`
--

INSERT INTO `ordertrackhistory` (`id`, `orderId`, `status`, `remark`, `postingDate`) VALUES
(1, 3, 'in Process', 'Order has been Shipped.', '2017-03-10 19:36:45'),
(2, 1, 'Delivered', 'Order Has been delivered', '2017-03-10 19:37:31'),
(3, 3, 'Delivered', 'Product delivered successfully', '2017-03-10 19:43:04'),
(4, 4, 'in Process', 'Product ready for Shipping', '2017-03-10 19:50:36');

-- --------------------------------------------------------

--
-- Table structure for table `productreviews`
--

DROP TABLE IF EXISTS `productreviews`;
CREATE TABLE IF NOT EXISTS `productreviews` (
  `id` int NOT NULL AUTO_INCREMENT,
  `productId` int DEFAULT NULL,
  `quality` int DEFAULT NULL,
  `price` int DEFAULT NULL,
  `value` int DEFAULT NULL,
  `name` varchar(255) DEFAULT NULL,
  `summary` varchar(255) DEFAULT NULL,
  `review` longtext,
  `reviewDate` timestamp NOT NULL DEFAULT CURRENT_TIMESTAMP,
  PRIMARY KEY (`id`)
) ENGINE=InnoDB AUTO_INCREMENT=5 DEFAULT CHARSET=latin1;

--
-- Dumping data for table `productreviews`
--

INSERT INTO `productreviews` (`id`, `productId`, `quality`, `price`, `value`, `name`, `summary`, `review`, `reviewDate`) VALUES
(2, 3, 4, 5, 5, 'Anuj Kumar', 'BEST PRODUCT FOR ME :)', 'BEST PRODUCT FOR ME :)', '2017-02-26 20:43:57'),
(3, 3, 3, 4, 3, 'Sarita pandey', 'Nice Product', 'Value for money', '2017-02-26 20:52:46'),
(4, 3, 3, 4, 3, 'Sarita pandey', 'Nice Product', 'Value for money', '2017-02-26 20:59:19');

-- --------------------------------------------------------

--
-- Table structure for table `products`
--

DROP TABLE IF EXISTS `products`;
CREATE TABLE IF NOT EXISTS `products` (
  `id` int NOT NULL AUTO_INCREMENT,
  `category` int NOT NULL,
  `subCategory` int DEFAULT NULL,
  `productName` varchar(255) DEFAULT NULL,
  `productCompany` varchar(255) DEFAULT NULL,
  `productPrice` int DEFAULT NULL,
  `productPriceBeforeDiscount` int DEFAULT NULL,
  `productDescription` longtext,
  `productImage1` varchar(255) DEFAULT NULL,
  `productImage2` varchar(255) DEFAULT NULL,
  `productImage3` varchar(255) DEFAULT NULL,
  `shippingCharge` int DEFAULT NULL,
  `productAvailability` varchar(255) DEFAULT NULL,
  `postingDate` timestamp NULL DEFAULT CURRENT_TIMESTAMP,
  `updationDate` varchar(255) DEFAULT NULL,
  PRIMARY KEY (`id`)
) ENGINE=InnoDB AUTO_INCREMENT=21 DEFAULT CHARSET=latin1;

--
-- Dumping data for table `products`
--

INSERT INTO `products` (`id`, `category`, `subCategory`, `productName`, `productCompany`, `productPrice`, `productPriceBeforeDiscount`, `productDescription`, `productImage1`, `productImage2`, `productImage3`, `shippingCharge`, `productAvailability`, `postingDate`, `updationDate`) VALUES
(1, 4, 3, 'DOLCE & GABBANA\r\nCollection', 'DOLCE & GABBANA', 102935000, 0, '<div class=\"HoUsOy\" style=\"box-sizing: border-box; margin: 0px; padding: 0px 0px 16px; font-size: 18px; white-space: nowrap; line-height: 1.4; color: rgb(33, 33, 33); font-family: Roboto, Arial, sans-serif;\">General</div><ul style=\"box-sizing: border-box; margin-bottom: 0px; margin-left: 0px; color: rgb(33, 33, 33); font-family: Roboto, Arial, sans-serif; font-size: 14px;\"><li class=\"_1KuY3T row\" style=\"box-sizing: border-box; margin: 0px; padding: 0px 0px 16px; list-style: none; display: flex; flex-flow: row wrap; width: 731px;\"><div class=\"vmXPri col col-3-12\" style=\"box-sizing: border-box; margin: 0px; padding: 0px 8px 0px 0px; width: 182.75px; display: inline-block; vertical-align: top; color: rgb(135, 135, 135);\">Sales Package</div><ul class=\"_3dG3ix col col-9-12\" style=\"box-sizing: border-box; margin-left: 0px; width: 548.25px; display: inline-block; vertical-align: top; line-height: 1.4;\"><li class=\"sNqDog\" style=\"box-sizing: border-box; margin: 0px; padding: 0px; list-style: none;\">1 TV Unit, Remote Controller, Battery (For Remote Controller), Quick Installation Guide and User Manual: All in One, Wall Mount Support</li></ul></li><li class=\"_1KuY3T row\" style=\"box-sizing: border-box; margin: 0px; padding: 0px 0px 16px; list-style: none; display: flex; flex-flow: row wrap; width: 731px;\"><div class=\"vmXPri col col-3-12\" style=\"box-sizing: border-box; margin: 0px; padding: 0px 8px 0px 0px; width: 182.75px; display: inline-block; vertical-align: top; color: rgb(135, 135, 135);\">Model Name</div><ul class=\"_3dG3ix col col-9-12\" style=\"box-sizing: border-box; margin-left: 0px; width: 548.25px; display: inline-block; vertical-align: top; line-height: 1.4;\"><li class=\"sNqDog\" style=\"box-sizing: border-box; margin: 0px; padding: 0px; list-style: none;\">32T6175MHD</li></ul></li><li class=\"_1KuY3T row\" style=\"box-sizing: border-box; margin: 0px; padding: 0px 0px 16px; list-style: none; display: flex; flex-flow: row wrap; width: 731px;\"><div class=\"vmXPri col col-3-12\" style=\"box-sizing: border-box; margin: 0px; padding: 0px 8px 0px 0px; width: 182.75px; display: inline-block; vertical-align: top; color: rgb(135, 135, 135);\">Display Size</div><ul class=\"_3dG3ix col col-9-12\" style=\"box-sizing: border-box; margin-left: 0px; width: 548.25px; display: inline-block; vertical-align: top; line-height: 1.4;\"><li class=\"sNqDog\" style=\"box-sizing: border-box; margin: 0px; padding: 0px; list-style: none;\">81 cm (32)</li></ul></li><li class=\"_1KuY3T row\" style=\"box-sizing: border-box; margin: 0px; padding: 0px 0px 16px; list-style: none; display: flex; flex-flow: row wrap; width: 731px;\"><div class=\"vmXPri col col-3-12\" style=\"box-sizing: border-box; margin: 0px; padding: 0px 8px 0px 0px; width: 182.75px; display: inline-block; vertical-align: top; color: rgb(135, 135, 135);\">Screen Type</div><ul class=\"_3dG3ix col col-9-12\" style=\"box-sizing: border-box; margin-left: 0px; width: 548.25px; display: inline-block; vertical-align: top; line-height: 1.4;\"><li class=\"sNqDog\" style=\"box-sizing: border-box; margin: 0px; padding: 0px; list-style: none;\">LED</li></ul></li><li class=\"_1KuY3T row\" style=\"box-sizing: border-box; margin: 0px; padding: 0px 0px 16px; list-style: none; display: flex; flex-flow: row wrap; width: 731px;\"><div class=\"vmXPri col col-3-12\" style=\"box-sizing: border-box; margin: 0px; padding: 0px 8px 0px 0px; width: 182.75px; display: inline-block; vertical-align: top; color: rgb(135, 135, 135);\">HD Technology &amp; Resolutiontest</div><ul class=\"_3dG3ix col col-9-12\" style=\"box-sizing: border-box; margin-left: 0px; width: 548.25px; display: inline-block; vertical-align: top; line-height: 1.4;\"><li class=\"sNqDog\" style=\"box-sizing: border-box; margin: 0px; padding: 0px; list-style: none;\">HD Ready, 1366 x 768</li></ul></li></ul>', 'foto.webp', 'foto1.jpg', 'foto4.webp', 1200, 'En Stock', '2017-01-30 16:54:35', ''),
(2, 4, 4, 'ARMANI EXCHANGE', 'ARMANI EXCHANGE', 36990, 0, '<div class=\"_2PF8IO\" style=\"box-sizing: border-box; margin: 0px 0px 0px 110px; padding: 0px; flex: 1 1 0%; color: rgb(33, 33, 33); font-family: Roboto, Arial, sans-serif; font-size: 14px;\"><ul style=\"box-sizing: border-box; margin-bottom: 0px; margin-left: 0px;\"><li class=\"_1tMfkh\" style=\"box-sizing: border-box; margin: 0px; padding: 0px 0px 8px 16px; list-style: none; position: relative;\">1 GB RAM | 16 GB ROM |</li><li class=\"_1tMfkh\" style=\"box-sizing: border-box; margin: 0px; padding: 0px 0px 8px 16px; list-style: none; position: relative;\">4.7 inch Retina HD Display</li><li class=\"_1tMfkh\" style=\"box-sizing: border-box; margin: 0px; padding: 0px 0px 8px 16px; list-style: none; position: relative;\">8MP Primary Camera | 1.2MP Front</li><li class=\"_1tMfkh\" style=\"box-sizing: border-box; margin: 0px; padding: 0px 0px 8px 16px; list-style: none; position: relative;\">Li-Ion Battery</li><li class=\"_1tMfkh\" style=\"box-sizing: border-box; margin: 0px; padding: 0px 0px 8px 16px; list-style: none; position: relative;\">A8 Chip with 64-bit Architecture and M8 Motion Co-processor Processor</li></ul></div>', 'foto4.webp', 'foto1.jpg', 'foto.webp', 0, 'In Stock', '2017-01-30 16:59:00', ''),
(3, 4, 4, 'VOGUE\r\nCollection', 'VOGUE', 31892000, 0, '<br><div><ol><li>3 GB RAM | 32 GB ROM | Expandable Upto 128 GB<br></li><li>5.5 inch Full HD Display<br></li><li>13MP Primary Camera | 5MP Front<br></li><li>4100 mAh Li-Polymer Battery<br></li><li>Qualcomm Snapdragon 625 64-bit Processor<br></li></ol></div>', 'foto1.jpg', 'foto4.webp', 'foto.webp', 0, 'In Stock', '2017-02-04 04:03:15', ''),
(4, 4, 4, 'RAY BAN', ' 0RX6414 ', 52717000, 0, '<ul><li>3 GB RAM | 32 GB ROM | Expandable Upto 128 GB<br></li><li>5 inch Full HD Display<br></li><li>13MP Primary Camera | 8MP Front<br></li><li>4000 mAh Li-Polymer Battery<br></li><li>Qualcomm Snapdragon 430 Processor<br></li></ul>', 'esta.jpg', 'foto6.jpg', 'foto5.jpg', 45, 'In Stock', '2017-02-04 04:04:43', ''),
(5, 4, 4, 'DOLCE & GABBANA ', 'DOLCE & GABBANA', 10293500, 0, '<ul><li>3 GB RAM | 32 GB ROM | Expandable Upto 128 GB<br></li><li>5.5 inch Full HD Display<br></li><li>13MP Primary Camera | 8MP Front<br></li><li>3500 mAh Li-Ion Polymer Battery<br></li><li>Helio P10 64-bit Processor<br></li></ul>', 'gafas5.webp', 'gafas4.webp', 'gafas3.webp', 0, 'In Stock', '2017-02-04 04:06:17', ''),
(6, 4, 4, 'KIPLING', 'KIPLING', 31178000, 0, '<ul><li>3 GB RAM | 16 GB ROM |<br></li><li>5.5 inch HD Display<br></li><li>13MP Primary Camera | 5MP Front<br></li><li>2500 mAh Battery<br></li><li>MT6735 Processor<br></li></ul>', 'gafas3.webp', 'gafas2.webp', 'gafas.webp', 35, 'In Stock', '2017-02-04 04:08:07', ''),
(7, 4, 4, 'RAY BAN', 'RAY BAN', 52717000, 0, '<ul><li>1.5 GB RAM | 8 GB ROM | Expandable Upto 128 GB<br></li><li>5 inch HD Display<br></li><li>8MP Primary Camera | 5MP Front<br></li><li>2600 mAh Li-Ion Battery<br></li><li>Exynos 3475 Processor<br></li></ul>', 'gafas2.webp', 'esta2.webp', 'esta3.webp', 20, 'In Stock', '2017-02-04 04:10:17', ''),
(8, 4, 4, 'KIPLING', 'KIPLING', 31178000, 0, '<ul><li>3 GB RAM | 32 GB ROM | Expandable Upto 256 GB<br></li><li>5.2 inch HD Display<br></li><li>13MP Primary Camera | 16MP Front<br></li><li>2900 mAh Battery<br></li><li>Qualcomm MSM8940 64-bit Processor<br></li></ul>', 'eata3.webp', 'easta4.webp', 'gafas4.webp', 0, 'In Stock', '2017-02-04 04:11:54', ''),
(9, 4, 5, 'Vittorio', 'Vittorio', 3117800, 0, '<ul><li>Suitable For: Mobile<br></li><li>Material: Polyurethane<br></li><li>Theme: No Theme<br></li><li>Type: Back Cover<br></li><li>Waterproof<br></li></ul>', 'foto2.webp', 'foto.webp', 'foto3.jpg', 10, 'In Stock', '2017-02-04 04:17:03', ''),
(11, 4, 6, 'ARMANI EXCHANGE', 'ARMANI EXCHANGE', 31178000, 0, '<ul><li>Intel Pentium Quad Core Processor ( )<br></li><li>4 GB DDR3 RAM<br></li><li>Linux/Ubuntu Operating System<br></li><li>1 TB HDD<br></li><li>15.6 inch Display<br></li></ul>', 'foto1.webp', 'easta4.webp', 'eata3.webp', 0, 'In Stock', '2017-02-04 04:26:17', ''),
(12, 4, 6, 'DOLCE & GABBANA', 'DOLCE & GABBANA', 31178000, 0, '<ul><li>Intel Atom Processor ( 4th Gen )<br></li><li>2 GB DDR3 RAM<br></li><li>32 bit Windows 10 Operating System<br></li><li>11.6 inch Touchscreen Display<br></li></ul>', 'easta4.webp', 'eata3.webp', 'foto1.webp', 0, 'In Stock', '2017-02-04 04:28:17', ''),
(13, 4, 6, 'RAY BAN 0RX', 'RAY BAN 0RX', 59738000, 0, '<span style=\"color: rgb(33, 33, 33); font-family: Roboto, Arial, sans-serif; font-size: 18px;\">HP Core i5 5th Gen - (4 GB/1 TB HDD/Windows 10 Home/2 GB Graphics) N8M28PA 15-ac123tx Notebook</span><span style=\"color: rgb(33, 33, 33); font-family: Roboto, Arial, sans-serif; font-size: 18px;\">&nbsp;&nbsp;(15.6 inch, Turbo SIlver, 2.19 kg)</span><br><div><ul><li>Intel Core i5 Processor ( 5th Gen )<br></li><li>4 GB DDR3 RAM<br></li><li>64 bit Windows 10 Operating System<br></li><li>1 TB HDD<br></li><li>15.6 inch Display<br></li></ul></div>', 'foto2.webp', 'easta4.webp', 'foto1.webp', 0, 'In Stock', '2017-02-04 04:30:24', ''),
(14, 4, 6, 'POLO', 'POLO', 59619000, 0, '<span style=\"color: rgb(33, 33, 33); font-family: Roboto, Arial, sans-serif; font-size: 18px;\">Lenovo Ideapad 110 APU Quad Core A6 6th Gen - (4 GB/500 GB HDD/Windows 10 Home) 80TJ00D2IH IP110 15ACL Notebook</span><span style=\"color: rgb(33, 33, 33); font-family: Roboto, Arial, sans-serif; font-size: 18px;\">&nbsp;&nbsp;(15.6 inch, Black, 2.2 kg)</span><br><div><ul><li>AMD APU Quad Core A6 Processor ( 6th Gen )<br></li><li>4 GB DDR3 RAM<br></li><li>64 bit Windows 10 Operating System<br></li><li>500 GB HDD<br></li><li>15.6 inch Display<br></li></ul></div>', 'foto3.jpg', 'foto2.webp', 'foto.webp', 0, 'In Stock', '2017-02-04 04:32:15', ''),
(15, 3, 8, 'Liang Dian', 'Liang Dian', 34510000, 250, '<span style=\"color: rgb(33, 33, 33); font-family: Roboto, Arial, sans-serif; font-size: 18px;\">The Wimpy Kid Do -It- Yourself Book</span><span style=\"color: rgb(33, 33, 33); font-family: Roboto, Arial, sans-serif; font-size: 18px;\">&nbsp;&nbsp;(English, Paperback, Jeff Kinney)</span><br><div><ul><li>Language: English<br></li><li>Binding: Paperback<br></li><li>Publisher: Penguin Books Ltd<br></li><li>ISBN: 9780141339665, 0141339667<br></li><li>Edition: 1<br></li></ul></div>', 'esta.jpg', 'foto5.jpg', 'foto6.jpg', 50, 'In Stock', '2017-02-04 04:35:13', ''),
(16, 3, 8, 'Gerar Optical', 'Gerar Optical', 31178000, 0, '<ul><li>Language: English<br></li><li>Binding: Paperback<br></li><li>Publisher: Scholastic<br></li><li>ISBN: 9789351032083, 9351032086<br></li><li>Edition: 2020<br></li><li>Pages: 176<br></li></ul>', 'foto5.jpg', 'foto.webp', 'foto6.jpg', 30, 'In Stock', '2017-02-04 04:36:23', ''),
(17, 5, 9, 'DOLCE & GABBANA', 'DOLCE & GABBANA', 32566000, 0, '<span style=\"color: rgb(33, 33, 33); font-family: Roboto, Arial, sans-serif; font-size: 18px;\">Induscraft Solid Wood King Bed With Storage</span><span style=\"color: rgb(33, 33, 33); font-family: Roboto, Arial, sans-serif; font-size: 18px;\">&nbsp;&nbsp;(Finish Color - Honey Brown)</span><br><div><ul><li>Material Subtype: Rosewood (Sheesham)<br></li><li>W x H x D: 1850 mm x 875 mm x 2057.5 mm<br></li><li>Floor Clearance: 8 mm<br></li><li>Delivery Condition: Knock Down<br></li></ul></div>', 'foto1.webp', 'eata3.webp', 'easta4.webp', 0, 'In Stock', '2017-02-04 04:40:37', ''),
(18, 5, 10, 'Niike', 'Nike', 652000, 0, '<span style=\"color: rgb(33, 33, 33); font-family: Roboto, Arial, sans-serif; font-size: 18px;\">@home by Nilkamal Ursa Metal Queen Bed</span><span style=\"color: rgb(33, 33, 33); font-family: Roboto, Arial, sans-serif; font-size: 18px;\">&nbsp;&nbsp;(Finish Color - NA)</span><br><div><ul><li>Material Subtype: Carbon Steel<br></li><li>W x H x D: 1590 mm x 910 mm x 2070 mm<br></li><li>Floor Clearance: 341 mm<br></li><li>Delivery Condition: Knock Down<br></li></ul></div>', 'easta4.webp', 'eata3.webp', 'foto1.webp', 0, 'In Stock', '2017-02-04 04:42:27', ''),
(19, 6, 12, '\r\nDOLCE & GABBANA', '\r\nDOLCE & GABBANA', 102935000, 0, '<ul style=\"box-sizing: border-box; margin-bottom: 0px; margin-left: 0px; color: rgb(33, 33, 33); font-family: Roboto, Arial, sans-serif; font-size: 14px;\"><li class=\"_2-riNZ\" style=\"box-sizing: border-box; margin: 0px; padding: 0px 0px 8px 16px; list-style: none; position: relative;\">Colour: White, White</li><li class=\"_2-riNZ\" style=\"box-sizing: border-box; margin: 0px; padding: 0px 0px 0px 16px; list-style: none; position: relative;\">Outer Material: Denim</li><li class=\"_1KuY3T row\" style=\"box-sizing: border-box; margin: 0px; padding: 0px 0px 16px; list-style: none; display: flex; flex-flow: row wrap; width: 731px;\"><div class=\"vmXPri col col-3-12\" style=\"box-sizing: border-box; margin: 0px; padding: 0px 8px 0px 0px; width: 182.75px; display: inline-block; vertical-align: top; color: rgb(135, 135, 135);\"><br></div></li></ul>', 'foto.webp', 'foto5.jpg', 'foto6.jpg', 45, 'In Stock', '2017-03-10 20:16:03', ''),
(20, 6, 12, 'VOGUE\r\nCollection', 'VOGUE\r\nCollection', 102935000, 5000, '<ul style=\"box-sizing: border-box; margin-bottom: 0px; margin-left: 0px; color: rgb(33, 33, 33); font-family: Roboto, Arial, sans-serif; font-size: 14px;\"><li class=\"_2-riNZ\" style=\"box-sizing: border-box; margin: 0px; padding: 0px 0px 8px 16px; list-style: none; position: relative;\">Colour: Blue</li><li class=\"_2-riNZ\" style=\"box-sizing: border-box; margin: 0px; padding: 0px 0px 0px 16px; list-style: none; position: relative;\">Closure: Laced</li><li class=\"_1KuY3T row\" style=\"box-sizing: border-box; margin: 0px; padding: 0px 0px 16px; list-style: none; display: flex; flex-flow: row wrap; width: 731px;\"><div class=\"vmXPri col col-3-12\" style=\"text-align: left; box-sizing: border-box; margin: 0px; padding: 0px 8px 0px 0px; width: 182.75px; display: inline-block; vertical-align: top; color: rgb(135, 135, 135);\"><b>Weight</b></div><ul class=\"_3dG3ix col col-9-12\" style=\"box-sizing: border-box; margin-left: 0px; width: 548.25px; display: inline-block; vertical-align: top; line-height: 1.4;\"><li class=\"sNqDog\" style=\"text-align: left; box-sizing: border-box; margin: 0px; padding: 0px; list-style: none;\"><b>200 g (per single Shoe) - Weight of the product may vary depending on size.</b></li></ul></li><li class=\"_1KuY3T row\" style=\"box-sizing: border-box; margin: 0px; padding: 0px 0px 16px; list-style: none; display: flex; flex-flow: row wrap; width: 731px;\"><div class=\"vmXPri col col-3-12\" style=\"text-align: left; box-sizing: border-box; margin: 0px; padding: 0px 8px 0px 0px; width: 182.75px; display: inline-block; vertical-align: top; color: rgb(135, 135, 135);\"><b>Style</b></div><ul class=\"_3dG3ix col col-9-12\" style=\"box-sizing: border-box; margin-left: 0px; width: 548.25px; display: inline-block; vertical-align: top; line-height: 1.4;\"><li class=\"sNqDog\" style=\"text-align: left; box-sizing: border-box; margin: 0px; padding: 0px; list-style: none;\"><b>Panel and Stitch Detail, Textured Detail</b></li></ul></li><li class=\"_1KuY3T row\" style=\"box-sizing: border-box; margin: 0px; padding: 0px 0px 16px; list-style: none; display: flex; flex-flow: row wrap; width: 731px;\"><div class=\"vmXPri col col-3-12\" style=\"text-align: left; box-sizing: border-box; margin: 0px; padding: 0px 8px 0px 0px; width: 182.75px; display: inline-block; vertical-align: top; color: rgb(135, 135, 135);\"><b>Tip Shape</b></div><ul class=\"_3dG3ix col col-9-12\" style=\"box-sizing: border-box; margin-left: 0px; width: 548.25px; display: inline-block; vertical-align: top; line-height: 1.4;\"><li class=\"sNqDog\" style=\"text-align: left; box-sizing: border-box; margin: 0px; padding: 0px; list-style: none;\"><b>Round</b></li></ul></li><li class=\"_1KuY3T row\" style=\"box-sizing: border-box; margin: 0px; padding: 0px 0px 16px; list-style: none; display: flex; flex-flow: row wrap; width: 731px;\"><div class=\"vmXPri col col-3-12\" style=\"text-align: left; box-sizing: border-box; margin: 0px; padding: 0px 8px 0px 0px; width: 182.75px; display: inline-block; vertical-align: top; color: rgb(135, 135, 135);\"><b>Season</b></div><ul class=\"_3dG3ix col col-9-12\" style=\"box-sizing: border-box; margin-left: 0px; width: 548.25px; display: inline-block; vertical-align: top; line-height: 1.4;\"><li class=\"sNqDog\" style=\"text-align: left; box-sizing: border-box; margin: 0px; padding: 0px; list-style: none;\"><b>AW16</b></li></ul></li><li class=\"_1KuY3T row\" style=\"box-sizing: border-box; margin: 0px; padding: 0px; list-style: none; display: flex; flex-flow: row wrap; width: 731px;\"><div class=\"vmXPri col col-3-12\" style=\"text-align: left; box-sizing: border-box; margin: 0px; padding: 0px 8px 0px 0px; width: 182.75px; display: inline-block; vertical-align: top; color: rgb(135, 135, 135);\"><b>Closure</b></div><ul class=\"_3dG3ix col col-9-12\" style=\"box-sizing: border-box; margin-left: 0px; width: 548.25px; display: inline-block; vertical-align: top; line-height: 1.4;\"><li class=\"sNqDog\" style=\"text-align: left; box-sizing: border-box; margin: 0px; padding: 0px; list-style: none;\"><b>Laced</b></li></ul></li></ul>', 'foto3.jpg', 'foto2.webp', 'foto.webp', 0, 'In Stock', '2017-03-10 20:19:22', '');

-- --------------------------------------------------------

--
-- Table structure for table `subcategory`
--

DROP TABLE IF EXISTS `subcategory`;
CREATE TABLE IF NOT EXISTS `subcategory` (
  `id` int NOT NULL AUTO_INCREMENT,
  `categoryid` int DEFAULT NULL,
  `subcategory` varchar(255) DEFAULT NULL,
  `creationDate` timestamp NULL DEFAULT CURRENT_TIMESTAMP,
  `updationDate` varchar(255) DEFAULT NULL,
  PRIMARY KEY (`id`)
) ENGINE=InnoDB AUTO_INCREMENT=13 DEFAULT CHARSET=latin1;

--
-- Dumping data for table `subcategory`
--

INSERT INTO `subcategory` (`id`, `categoryid`, `subcategory`, `creationDate`, `updationDate`) VALUES
(2, 4, 'OAKLEY', '2017-01-26 16:24:52', '26-01-2017 11:03:40 PM'),
(3, 4, 'DB EYEWEAR', '2017-01-26 16:29:09', ''),
(4, 4, 'SERIFF & CHERRY', '2017-01-30 16:55:48', ''),
(5, 4, 'POLAROID', '2017-02-04 04:12:40', ''),
(6, 4, 'IZIPIZI', '2017-02-04 04:13:00', ''),
(7, 4, 'NORTHWEEK', '2017-02-04 04:13:27', ''),
(8, 3, 'TOM FORD', '2017-02-04 04:13:54', ''),
(9, 5, 'OLIVER PEOPLES', '2017-02-04 04:36:45', ''),
(10, 5, 'EYEPETIZER', '2017-02-04 04:37:02', ''),
(11, 5, 'MR. BOHO', '2017-02-04 04:37:51', ''),
(12, 6, 'QUAY AUSTRALIA', '2017-03-10 20:12:59', '');

-- --------------------------------------------------------

--
-- Table structure for table `userlog`
--

DROP TABLE IF EXISTS `userlog`;
CREATE TABLE IF NOT EXISTS `userlog` (
  `id` int NOT NULL AUTO_INCREMENT,
  `userEmail` varchar(255) DEFAULT NULL,
  `userip` binary(16) DEFAULT NULL,
  `loginTime` timestamp NULL DEFAULT CURRENT_TIMESTAMP,
  `logout` varchar(255) DEFAULT NULL,
  `status` int DEFAULT NULL,
  PRIMARY KEY (`id`)
) ENGINE=InnoDB AUTO_INCREMENT=31 DEFAULT CHARSET=latin1;

--
-- Dumping data for table `userlog`
--

INSERT INTO `userlog` (`id`, `userEmail`, `userip`, `loginTime`, `logout`, `status`) VALUES
(1, 'anuj.lpu1@gmail.com', 0x3a3a3100000000000000000000000000, '2017-02-26 11:18:50', '', 1),
(2, 'anuj.lpu1@gmail.com', 0x3a3a3100000000000000000000000000, '2017-02-26 11:29:33', '', 1),
(3, 'anuj.lpu1@gmail.com', 0x3a3a3100000000000000000000000000, '2017-02-26 11:30:11', '', 1),
(4, 'anuj.lpu1@gmail.com', 0x3a3a3100000000000000000000000000, '2017-02-26 15:00:23', '26-02-2017 11:12:06 PM', 1),
(5, 'anuj.lpu1@gmail.com', 0x3a3a3100000000000000000000000000, '2017-02-26 18:08:58', '', 0),
(6, 'anuj.lpu1@gmail.com', 0x3a3a3100000000000000000000000000, '2017-02-26 18:09:41', '', 0),
(7, 'anuj.lpu1@gmail.com', 0x3a3a3100000000000000000000000000, '2017-02-26 18:10:04', '', 0),
(8, 'anuj.lpu1@gmail.com', 0x3a3a3100000000000000000000000000, '2017-02-26 18:10:31', '', 0),
(9, 'anuj.lpu1@gmail.com', 0x3a3a3100000000000000000000000000, '2017-02-26 18:13:43', '', 1),
(10, 'anuj.lpu1@gmail.com', 0x3a3a3100000000000000000000000000, '2017-02-27 18:52:58', '', 0),
(11, 'anuj.lpu1@gmail.com', 0x3a3a3100000000000000000000000000, '2017-02-27 18:53:07', '', 1),
(12, 'anuj.lpu1@gmail.com', 0x3a3a3100000000000000000000000000, '2017-03-03 18:00:09', '', 0),
(13, 'anuj.lpu1@gmail.com', 0x3a3a3100000000000000000000000000, '2017-03-03 18:00:15', '', 1),
(14, 'anuj.lpu1@gmail.com', 0x3a3a3100000000000000000000000000, '2017-03-06 18:10:26', '', 1),
(15, 'anuj.lpu1@gmail.com', 0x3a3a3100000000000000000000000000, '2017-03-07 12:28:16', '', 1),
(16, 'anuj.lpu1@gmail.com', 0x3a3a3100000000000000000000000000, '2017-03-07 18:43:27', '', 1),
(17, 'anuj.lpu1@gmail.com', 0x3a3a3100000000000000000000000000, '2017-03-07 18:55:33', '', 1),
(18, 'anuj.lpu1@gmail.com', 0x3a3a3100000000000000000000000000, '2017-03-07 19:44:29', '', 1),
(19, 'anuj.lpu1@gmail.com', 0x3a3a3100000000000000000000000000, '2017-03-08 19:21:15', '', 1),
(20, 'anuj.lpu1@gmail.com', 0x3a3a3100000000000000000000000000, '2017-03-15 17:19:38', '', 1),
(21, 'anuj.lpu1@gmail.com', 0x3a3a3100000000000000000000000000, '2017-03-15 17:20:36', '15-03-2017 10:50:39 PM', 1),
(22, 'anuj.lpu1@gmail.com', 0x3a3a3100000000000000000000000000, '2017-03-16 01:13:57', '', 1),
(23, 'hgfhgf@gmass.com', 0x3a3a3100000000000000000000000000, '2018-04-29 09:30:40', '', 1),
(24, 'anuj.lpu1@gmail.com', 0x3a3a3100000000000000000000000000, '2020-06-22 13:49:46', NULL, 0),
(25, 'anuj.lpu1@gmail.com', 0x3a3a3100000000000000000000000000, '2020-06-22 13:54:27', '22-06-2020 07:42:06 PM', 1),
(26, 'anuj.lpu1@gmail.com', 0x3a3a3100000000000000000000000000, '2020-06-22 20:37:14', NULL, 1),
(27, 'platea21@platea21.com', 0x3a3a3100000000000000000000000000, '2020-06-23 00:58:24', '22-06-2020 08:40:53 PM', 1),
(28, 'platea21@platea21.com', 0x3a3a3100000000000000000000000000, '2020-06-23 01:45:10', NULL, 1),
(29, 'platea21@platea21.com', 0x3a3a3100000000000000000000000000, '2020-06-23 03:23:26', NULL, 0),
(30, 'platea21@platea21.com', 0x3a3a3100000000000000000000000000, '2020-06-23 03:23:36', NULL, 1);

-- --------------------------------------------------------

--
-- Table structure for table `users`
--

DROP TABLE IF EXISTS `users`;
CREATE TABLE IF NOT EXISTS `users` (
  `id` int NOT NULL AUTO_INCREMENT,
  `name` varchar(255) DEFAULT NULL,
  `email` varchar(255) DEFAULT NULL,
  `contactno` bigint DEFAULT NULL,
  `password` varchar(255) DEFAULT NULL,
  `shippingAddress` longtext,
  `shippingState` varchar(255) DEFAULT NULL,
  `shippingCity` varchar(255) DEFAULT NULL,
  `shippingPincode` int DEFAULT NULL,
  `billingAddress` longtext,
  `billingState` varchar(255) DEFAULT NULL,
  `billingCity` varchar(255) DEFAULT NULL,
  `billingPincode` int DEFAULT NULL,
  `regDate` timestamp NOT NULL DEFAULT CURRENT_TIMESTAMP,
  `updationDate` varchar(255) DEFAULT NULL,
  PRIMARY KEY (`id`)
) ENGINE=InnoDB AUTO_INCREMENT=5 DEFAULT CHARSET=latin1;

--
-- Dumping data for table `users`
--

INSERT INTO `users` (`id`, `name`, `email`, `contactno`, `password`, `shippingAddress`, `shippingState`, `shippingCity`, `shippingPincode`, `billingAddress`, `billingState`, `billingCity`, `billingPincode`, `regDate`, `updationDate`) VALUES
(1, 'Anuj Kumar', 'anuj.lpu1@gmail.com', 9009857868, 'f925916e2754e5e03f75dd58a5733251', 'CS New Delhi', 'New Delhi', 'Delhi', 110001, 'New Delhi', 'New Delhi', 'Delhi', 110092, '2017-02-04 19:30:50', ''),
(2, 'Amit ', 'amit@gmail.com', 8285703355, '5c428d8875d2948607f3e3fe134d71b4', '', '', '', 0, '', '', '', 0, '2017-03-15 17:21:22', ''),
(3, 'hg', 'hgfhgf@gmass.com', 1121312312, '827ccb0eea8a706c4c34a16891f84e7b', '', '', '', 0, '', '', '', 0, '2018-04-29 09:30:32', ''),
(4, 'Platea21', 'platea21@platea21.com', 948445199, '77821d6f09aad66ace339068f6b7f61c', NULL, NULL, NULL, NULL, NULL, NULL, NULL, NULL, '2020-06-23 00:58:07', NULL);

-- --------------------------------------------------------

--
-- Table structure for table `wishlist`
--

DROP TABLE IF EXISTS `wishlist`;
CREATE TABLE IF NOT EXISTS `wishlist` (
  `id` int NOT NULL AUTO_INCREMENT,
  `userId` int DEFAULT NULL,
  `productId` int DEFAULT NULL,
  `postingDate` timestamp NOT NULL DEFAULT CURRENT_TIMESTAMP,
  PRIMARY KEY (`id`)
) ENGINE=InnoDB AUTO_INCREMENT=3 DEFAULT CHARSET=latin1;

--
-- Dumping data for table `wishlist`
--

INSERT INTO `wishlist` (`id`, `userId`, `productId`, `postingDate`) VALUES
(1, 1, 0, '2017-02-27 18:53:17'),
(2, 4, 12, '2020-06-23 03:05:43');
COMMIT;

/*!40101 SET CHARACTER_SET_CLIENT=@OLD_CHARACTER_SET_CLIENT */;
/*!40101 SET CHARACTER_SET_RESULTS=@OLD_CHARACTER_SET_RESULTS */;
/*!40101 SET COLLATION_CONNECTION=@OLD_COLLATION_CONNECTION */;
